Дата;Ещё не купленные расходы на двоих;CNY;RUB при 12 RUB/CNY;Статус
29 ноября;Лёгкий обед;110;1320;Плановая оценка
29 ноября;Магазин: вода и принадлежности;80;960;Плановая оценка
29 ноября;Кафе/чай и десерт;60;720;Плановая оценка
29 ноября;Ужин;120;1440;Плановая оценка
30 ноября;Завтрак в Starbucks;110;1320;Плановая оценка
30 ноября;Такси 339 → южный вход базы;65;780;Плановая оценка
30 ноября;Два входных билета к пандам;110;1320;Опубликованный тариф
30 ноября;Электробус внутри базы, опция включена в план;60;720;Опубликованный тариф
30 ноября;Перекус на базе;40;480;Плановая оценка
30 ноября;Сувениры за весь день;100;1200;Плановая оценка
30 ноября;Такси база → центр;70;840;Плановая оценка
30 ноября;Обед Longchaoshou;90;1080;Плановая оценка
30 ноября;Чай/кофе Taikoo Li;60;720;Плановая оценка
30 ноября;Хотпот Xiaolongkan;220;2640;Плановая оценка
30 ноября;Такси центр → Liyuan;25;300;Плановая оценка
30 ноября;Liyuan, два обычных места — оценка;200;2400;Плановая оценка
30 ноября;Такси Liyuan → отель;25;300;Плановая оценка
;Подытог отдыха 29–30 ноября;1545;18540;
;Резерв;255;3060;
;Всего основной вариант A;1800;21600;Отель, TFU трансфер и межгород исключены

Отдельно;Городское утро 1 декабря — не включено выше;105;1260;"Завтрак60 + такси45; без поезда"
Альтернатива B;Куаньчжай вместо шоу: весь отдых с тем же резервом;1680;20160;Не складывать с вариантом A
Альтернатива C;Taikoo вечером вместо шоу: весь отдых с тем же резервом;1635;19620;Не складывать с вариантом A
