Город;Дата;Категория;Расход;CNY на двоих;RUB при12;Основание;Исходный бюджет
Чэнду;29 ноября;Еда и напитки;Лёгкий обед;110;1320;Плановая оценка;../chengdu-2026/budget.csv
Чэнду;29 ноября;Продукты и мелочи;Магазин: вода и принадлежности;80;960;Плановая оценка;../chengdu-2026/budget.csv
Чэнду;29 ноября;Еда и напитки;Кафе/чай и десерт;60;720;Плановая оценка;../chengdu-2026/budget.csv
Чэнду;29 ноября;Еда и напитки;Ужин;120;1440;Плановая оценка;../chengdu-2026/budget.csv
Чэнду;30 ноября;Еда и напитки;Завтрак в Starbucks;110;1320;Плановая оценка;../chengdu-2026/budget.csv
Чэнду;30 ноября;Логистика;Такси 339 → южный вход базы;65;780;Плановая оценка;../chengdu-2026/budget.csv
Чэнду;30 ноября;Билеты и развлечения;Два входных билета к пандам;110;1320;Опубликованный тариф;../chengdu-2026/budget.csv
Чэнду;30 ноября;Логистика;Электробус внутри базы, опция включена в план;60;720;Опубликованный тариф;../chengdu-2026/budget.csv
Чэнду;30 ноября;Еда и напитки;Перекус на базе;40;480;Плановая оценка;../chengdu-2026/budget.csv
Чэнду;30 ноября;Сувениры;Сувениры за весь день;100;1200;Плановая оценка;../chengdu-2026/budget.csv
Чэнду;30 ноября;Логистика;Такси база → центр;70;840;Плановая оценка;../chengdu-2026/budget.csv
Чэнду;30 ноября;Еда и напитки;Обед Longchaoshou;90;1080;Плановая оценка;../chengdu-2026/budget.csv
Чэнду;30 ноября;Еда и напитки;Чай/кофе Taikoo Li;60;720;Плановая оценка;../chengdu-2026/budget.csv
Чэнду;30 ноября;Еда и напитки;Хотпот Xiaolongkan;220;2640;Плановая оценка;../chengdu-2026/budget.csv
Чэнду;30 ноября;Логистика;Такси центр → Liyuan;25;300;Плановая оценка;../chengdu-2026/budget.csv
Чэнду;30 ноября;Билеты и развлечения;Liyuan, два обычных места — оценка;200;2400;Плановая оценка;../chengdu-2026/budget.csv
Чэнду;30 ноября;Логистика;Такси Liyuan → отель;25;300;Плановая оценка;../chengdu-2026/budget.csv
Чэнду;1 декабря;Еда и напитки;Завтрак перед отъездом;60;720;"Из отдельного городского утра105 ¥; поезд не включён";../chengdu-2026/budget.csv
Чэнду;1 декабря;Логистика;Такси отель → вокзал;45;540;Из отдельного городского утра105 ¥;../chengdu-2026/budget.csv
Чэнду;;Резерв;Резерв Чэнду;255;3060;;../chengdu-2026/budget.csv
Чжанцзяцзе;1 декабря;Еда и напитки;Поздний обед;70;840;Оценка;../zhangjiajie-2026/budget.csv
Чжанцзяцзе;1 декабря;Еда и напитки;Ужин;140;1680;Оценка;../zhangjiajie-2026/budget.csv
Чжанцзяцзе;1 декабря;Еда и напитки;Вода и перекусы;60;720;Лимит покупок;../zhangjiajie-2026/budget.csv
Чжанцзяцзе;1 декабря;Продукты и мелочи;Дождевики / грелки;40;480;"Лимит; не покупать повторно, если уже есть";../zhangjiajie-2026/budget.csv
Чжанцзяцзе;2 декабря;Билеты и развлечения;Лесной парк + внутренние автобусы: 2 × 236;472;5664;"Опубликованный тариф; перепроверить декабрь";../zhangjiajie-2026/budget.csv
Чжанцзяцзе;2 декабря;Билеты и развлечения;Янцзяцзе: только подъём, 2 × 76;152;1824;"Опубликованный тариф; 上行";../zhangjiajie-2026/budget.csv
Чжанцзяцзе;2 декабря;Билеты и развлечения;Байлун: только спуск, 2 × 65;130;1560;"Опубликованный тариф; 下行";../zhangjiajie-2026/budget.csv
Чжанцзяцзе;2 декабря;Еда и напитки;Обед в парке;100;1200;Оценка;../zhangjiajie-2026/budget.csv
Чжанцзяцзе;2 декабря;Еда и напитки;Ужин;140;1680;Оценка;../zhangjiajie-2026/budget.csv
Чжанцзяцзе;2 декабря;Еда и напитки;Напитки / перекус;40;480;Оценка;../zhangjiajie-2026/budget.csv
Чжанцзяцзе;2 декабря;Сувениры;Сувениры;120;1440;Общий лимит на этот город;../zhangjiajie-2026/budget.csv
Чжанцзяцзе;3 декабря;Билеты и развлечения;Тяньмэнь: пакет C, 2 × 285;570;6840;"Текущий пакет; декабрьская продажа не подтверждена";../zhangjiajie-2026/budget.csv
Чжанцзяцзе;3 декабря;Билеты и развлечения;Нижний эскалатор вверх: 2 × 32;64;768;"План по текущему тарифу; вниз сейчас без доплаты";../zhangjiajie-2026/budget.csv
Чжанцзяцзе;3 декабря;Билеты и развлечения;Бахилы для одного стеклянного участка: 2 × 5;10;120;Ориентир, при закрытии не тратить;../zhangjiajie-2026/budget.csv
Чжанцзяцзе;3 декабря;Еда и напитки;Обед / набор с собой;80;960;Оценка;../zhangjiajie-2026/budget.csv
Чжанцзяцзе;3 декабря;Еда и напитки;Ужин;160;1920;Оценка;../zhangjiajie-2026/budget.csv
Чжанцзяцзе;3 декабря;Еда и напитки;Чай / кофе;40;480;Оценка;../zhangjiajie-2026/budget.csv
Чжанцзяцзе;4 декабря;Еда и напитки;Еда и вода в дорогу;40;480;Без цены поезда;../zhangjiajie-2026/budget.csv
Чжанцзяцзе;1 декабря;Логистика;Вокзал West → отель, машина;100;1200;Оценка 80–130;../zhangjiajie-2026/budget.csv
Чжанцзяцзе;2 декабря;Логистика;Отель → южный вход;20;240;Оценка 15–30;../zhangjiajie-2026/budget.csv
Чжанцзяцзе;2 декабря;Логистика;Восточный вход → отель, такси;80;960;"Оценка 60–100/машина; не live-тариф, сверить в DiDi";../zhangjiajie-2026/budget.csv
Чжанцзяцзе;3 декабря;Логистика;Отель → Тяньмэнь, городской нижний терминал;130;1560;Оценка 110–160;../zhangjiajie-2026/budget.csv
Чжанцзяцзе;3 декабря;Логистика;Центр → отель;130;1560;Оценка 100–160;../zhangjiajie-2026/budget.csv
Чжанцзяцзе;4 декабря;Логистика;Отель → вокзал West;100;1200;Оценка 80–130;../zhangjiajie-2026/budget.csv
Чжанцзяцзе;;Резерв;Резерв Чжанцзяцзе;350;4200;;../zhangjiajie-2026/budget.csv
Фуронг;04.12;Логистика;Такси вокзал → вход;40;480;"За машину на двоих; оценка 30–50, согласовать";../furong-2026/budget.csv
Фуронг;04.12;Билеты и развлечения;Вход в Фуронг;216;2592;"Опубликованный базовый ориентир; не бронь на 4 декабря";../furong-2026/budget.csv
Фуронг;04.12;Еда и напитки;Обед: рисовый тофу и горячее;70;840;Лимит на двоих, не меню ресторана;../furong-2026/budget.csv
Фуронг;04.12;Еда и напитки;Ужин: хунаньская кухня;160;1920;Лимит на двоих, 2–3 блюда + рис;../furong-2026/budget.csv
Фуронг;04.12;Еда и напитки;Вечерний чай / кафе;60;720;"Необязательно; не отдельный входной билет";../furong-2026/budget.csv
Фуронг;04.12;Продукты и мелочи;Вода и перекусы на прогулку;50;600;Покупка на двоих;../furong-2026/budget.csv
Фуронг;04.12;Еда и напитки;Купить завтрак на 5 декабря;40;480;"Платим вечером; утром второй раз не считаем";../furong-2026/budget.csv
Фуронг;04.12;Сувениры;Небольшие сувениры;90;1080;Необязательный лимит;../furong-2026/budget.csv
Фуронг;05.12;Логистика;Раннее такси вход → вокзал;60;720;"За заранее заказанную машину; оценка 40–80";../furong-2026/budget.csv
Фуронг;;Резерв;Дополнительный запас;164;1968;Не расходовать заранее;../furong-2026/budget.csv
Пекин;05.12;Еда и напитки;Дополнительно в поезд: обед и перекусы;140;1680;"Обед 100 + перекусы 40; завтрак уже в бюджете Фуронга";../beijing-2026/budget.csv
Пекин;05.12;Логистика;Такси Пекин-Запад → отель;180;2160;"Оценка 140–220 за машину; OSRM ~32 км, не цена заказа";../beijing-2026/budget.csv
Пекин;05.12;Еда и напитки;Ужин у отеля;120;1440;"Лимит на двоих; лапша/рис + закуски";../beijing-2026/budget.csv
Пекин;05.12;Продукты и мелочи;Вода и запас для прогулок;70;840;"Лимит на двоих; не повтор завтрака";../beijing-2026/budget.csv
Пекин;06.12;Логистика;Метро в центр и обратно;28;336;Лимит 7 на человека за поездку, сверить по маршруту;../beijing-2026/budget.csv
Пекин;06.12;Логистика;Два коротких такси в центре;60;720;"Jingshan → Xiyue 25; Xiyue → Xijiade 35, оценки";../beijing-2026/budget.csv
Пекин;06.12;Билеты и развлечения;Запретный город + Сокровищница;100;1200;"Зимний вход 40 + Treasure Gallery 10; без Gallery of Clocks";../beijing-2026/budget.csv
Пекин;06.12;Билеты и развлечения;Парк Цзиншань;4;48;"Обычный опубликованный тариф; спецсобытия могут изменить";../beijing-2026/budget.csv
Пекин;06.12;Еда и напитки;Обед / сытный перекус во дворце;100;1200;Лимит на двоих, не меню конкретного кафе;../beijing-2026/budget.csv
Пекин;06.12;Еда и напитки;Пельмени Xijiade;140;1680;Лимит на двоих, начинки и порции выбрать по меню;../beijing-2026/budget.csv
Пекин;06.12;Еда и напитки;Кафе на Wangfujing;80;960;Два напитка + десерт, лимит;../beijing-2026/budget.csv
Пекин;06.12;Продукты и мелочи;Вода / перекус;30;360;Лимит на двоих;../beijing-2026/budget.csv
Пекин;07.12;Логистика;Метро Universal туда-обратно;12;144;Ориентир 3 на человека в одну сторону;../beijing-2026/budget.csv
Пекин;07.12;Билеты и развлечения;Universal: вход на один день;1000;12000;"Плановый резерв цены; точный тариф 7 декабря не получен; официальный минимум от350";../beijing-2026/budget.csv
Пекин;07.12;Еда и напитки;Three Broomsticks: обед;260;3120;"Лимит на двоих; проверить меню и очередь";../beijing-2026/budget.csv
Пекин;07.12;Еда и напитки;Butterbeer / тематические напитки;100;1200;"Лимит на двоих; не подтверждённый прайс";../beijing-2026/budget.csv
Пекин;07.12;Еда и напитки;Ужин CityWalk;180;2160;Лимит на двоих, выбрать по меню на месте;../beijing-2026/budget.csv
Пекин;07.12;Продукты и мелочи;Готовые перекусы / вода в парк;50;600;"Разрешённые правилами; не self-heating food";../beijing-2026/budget.csv
Пекин;08.12;Логистика;Метро до Qianmen и обратно;28;336;Плановый лимит на двоих;../beijing-2026/budget.csv
Пекин;08.12;Еда и напитки;Quanjude: пекинская утка;450;5400;"Лимит на двоих; полная утка/набор по текущему меню";../beijing-2026/budget.csv
Пекин;08.12;Еда и напитки;Кафе и отдых в Дашилань;80;960;Лимит на двоих, не обязательная чайная церемония;../beijing-2026/budget.csv
Пекин;08.12;Еда и напитки;Лёгкий ужин у отеля;100;1200;Лимит на двоих;../beijing-2026/budget.csv
Пекин;08.12;Продукты и мелочи;Перекус для раннего выезда;40;480;"Без скоропортящегося; не завтрак в аэропорту";../beijing-2026/budget.csv
Пекин;09.12;Логистика;Предзаказ такси отель → PEK;230;2760;"План с запасом на раннюю подачу и платные дороги; согласовать итог";../beijing-2026/budget.csv
Пекин;09.12;Еда и напитки;Завтрак в аэропорту / недостающая еда;60;720;"Резерв; если отель даст breakfast box, можно не тратить";../beijing-2026/budget.csv
Пекин;09.12;Еда и напитки;Обед в TFU при пересадке;140;1680;"Лимит на двоих; не покупать повторно еду при включённом питании";../beijing-2026/budget.csv
Пекин;09.12;Продукты и мелочи;Вода / напитки после контроля;30;360;Лимит на двоих;../beijing-2026/budget.csv
Пекин;06.12;Сувениры;Аниме-фигурка / официальный мерч;350;4200;Общий лимит на двоих, необязательная корзина;../beijing-2026/budget.csv
Пекин;07.12;Сувениры;Harry Potter: один общий лимит;450;5400;Общий лимит на двоих, необязательная корзина;../beijing-2026/budget.csv
Пекин;08.12;Сувениры;Чай Zhang Yiyuan;250;3000;Общий лимит на двоих, необязательная корзина;../beijing-2026/budget.csv
Пекин;08.12;Сувениры;Крем Qingzhi / гравировка;150;1800;Общий лимит на двоих, необязательная корзина;../beijing-2026/budget.csv
Пекин;08.12;Сувениры;Сладости / съедобные сувениры;100;1200;Общий лимит на двоих, необязательная корзина;../beijing-2026/budget.csv
Пекин;;Резерв;Общий резерв;588;7056;Не распределён по дням;../beijing-2026/budget.csv
ИТОГО;;;Базовый план с резервом;11893;142716;Не складывать итог повторно;
