Дата;Категория;Расход;Количество;CNY за единицу;CNY на двоих;RUB при 12;Основание
04.12;Транспорт;Такси вокзал → вход;1;40;40;480;"За машину на двоих; оценка 30–50, согласовать"
04.12;Билеты;Вход в Фуронг;2;108;216;2592;"Опубликованный базовый ориентир; не бронь на 4 декабря"
04.12;Еда;Обед: рисовый тофу и горячее;1;70;70;840;Лимит на двоих, не меню ресторана
04.12;Еда;Ужин: хунаньская кухня;1;160;160;1920;Лимит на двоих, 2–3 блюда + рис
04.12;Еда;Вечерний чай / кафе;1;60;60;720;"Необязательно; не отдельный входной билет"
04.12;Продукты;Вода и перекусы на прогулку;1;50;50;600;Покупка на двоих
04.12;Еда;Купить завтрак на 5 декабря;1;40;40;480;"Платим вечером; утром второй раз не считаем"
04.12;Сувениры;Небольшие сувениры;1;90;90;1080;Необязательный лимит
05.12;Транспорт;Раннее такси вход → вокзал;1;60;60;720;"За заранее заказанную машину; оценка 40–80"
;Итого;Плановые расходы;;;786;9432;Отель и поезда исключены
;Резерв;Дополнительный запас;;;164;1968;Не расходовать заранее
;Бюджет с резервом;Общий лимит;;;950;11400;Итоговые строки не складывать между собой
