Дата;Категория;Статья;Количество;Цена за единицу CNY;Итого CNY;Итого RUB;Примечание
05.12;Еда;Дополнительно в поезд: обед и перекусы;1;140;140;1680;"Обед 100 + перекусы 40; завтрак уже в бюджете Фуронга"
05.12;Транспорт;Такси Пекин-Запад → отель;1;180;180;2160;"Оценка 140–220 за машину; OSRM ~32 км, не цена заказа"
05.12;Еда;Ужин у отеля;1;120;120;1440;"Лимит на двоих; лапша/рис + закуски"
05.12;Продукты;Вода и запас для прогулок;1;70;70;840;"Лимит на двоих; не повтор завтрака"
06.12;Транспорт;Метро в центр и обратно;1;28;28;336;Лимит 7 на человека за поездку, сверить по маршруту
06.12;Транспорт;Два коротких такси в центре;1;60;60;720;"Jingshan → Xiyue 25; Xiyue → Xijiade 35, оценки"
06.12;Билеты;Запретный город + Сокровищница;2;50;100;1200;"Зимний вход 40 + Treasure Gallery 10; без Gallery of Clocks"
06.12;Билеты;Парк Цзиншань;2;2;4;48;"Обычный опубликованный тариф; спецсобытия могут изменить"
06.12;Еда;Обед / сытный перекус во дворце;1;100;100;1200;Лимит на двоих, не меню конкретного кафе
06.12;Еда;Пельмени Xijiade;1;140;140;1680;Лимит на двоих, начинки и порции выбрать по меню
06.12;Еда;Кафе на Wangfujing;1;80;80;960;Два напитка + десерт, лимит
06.12;Продукты;Вода / перекус;1;30;30;360;Лимит на двоих
07.12;Транспорт;Метро Universal туда-обратно;1;12;12;144;Ориентир 3 на человека в одну сторону
07.12;Билеты;Universal: вход на один день;2;500;1000;12000;"Плановый резерв цены; точный тариф 7 декабря не получен; официальный минимум от350"
07.12;Еда;Three Broomsticks: обед;1;260;260;3120;"Лимит на двоих; проверить меню и очередь"
07.12;Еда;Butterbeer / тематические напитки;1;100;100;1200;"Лимит на двоих; не подтверждённый прайс"
07.12;Еда;Ужин CityWalk;1;180;180;2160;Лимит на двоих, выбрать по меню на месте
07.12;Продукты;Готовые перекусы / вода в парк;1;50;50;600;"Разрешённые правилами; не self-heating food"
08.12;Транспорт;Метро до Qianmen и обратно;1;28;28;336;Плановый лимит на двоих
08.12;Еда;Quanjude: пекинская утка;1;450;450;5400;"Лимит на двоих; полная утка/набор по текущему меню"
08.12;Еда;Кафе и отдых в Дашилань;1;80;80;960;Лимит на двоих, не обязательная чайная церемония
08.12;Еда;Лёгкий ужин у отеля;1;100;100;1200;Лимит на двоих
08.12;Продукты;Перекус для раннего выезда;1;40;40;480;"Без скоропортящегося; не завтрак в аэропорту"
09.12;Транспорт;Предзаказ такси отель → PEK;1;230;230;2760;"План с запасом на раннюю подачу и платные дороги; согласовать итог"
09.12;Еда;Завтрак в аэропорту / недостающая еда;1;60;60;720;"Резерв; если отель даст breakfast box, можно не тратить"
09.12;Еда;Обед в TFU при пересадке;1;140;140;1680;"Лимит на двоих; не покупать повторно еду при включённом питании"
09.12;Продукты;Вода / напитки после контроля;1;30;30;360;Лимит на двоих
06.12;Сувениры;Аниме-фигурка / официальный мерч;1;350;350;4200;Общий лимит на двоих, необязательная корзина
07.12;Сувениры;Harry Potter: один общий лимит;1;450;450;5400;Общий лимит на двоих, необязательная корзина
08.12;Сувениры;Чай Zhang Yiyuan;1;250;250;3000;Общий лимит на двоих, необязательная корзина
08.12;Сувениры;Крем Qingzhi / гравировка;1;150;150;1800;Общий лимит на двоих, необязательная корзина
08.12;Сувениры;Сладости / съедобные сувениры;1;100;100;1200;Общий лимит на двоих, необязательная корзина
;Резерв;Общий резерв;1;588;588;7056;Не распределён по дням
;ИТОГО;Рекомендованный бюджет;1;5700;5700;68400;"Смешанный транспорт, покупки включены; курс12 плановый"
