Вариант;Дата;Расход на двоих;CNY;RUB по условному курсу 12;Категория;Основание
Такси;1 декабря;Поздний обед;70;840;Еда;Оценка
Такси;1 декабря;Ужин;140;1680;Еда;Оценка
Такси;1 декабря;Вода и перекусы;60;720;Еда;Лимит покупок
Такси;1 декабря;Дождевики / грелки;40;480;Покупки;"Лимит; не покупать повторно, если уже есть"
Такси;2 декабря;Лесной парк + внутренние автобусы: 2 × 236;472;5664;Билеты;"Опубликованный тариф; перепроверить декабрь"
Такси;2 декабря;Янцзяцзе: 2 человека × 2 направления × 76;304;3648;Билеты;Опубликованный тариф
Такси;2 декабря;Обед в парке;100;1200;Еда;Оценка
Такси;2 декабря;Ужин;140;1680;Еда;Оценка
Такси;2 декабря;Напитки / перекус;40;480;Еда;Оценка
Такси;2 декабря;Сувениры;120;1440;Покупки;Общий лимит на этот город
Такси;3 декабря;Тяньмэнь: пакет C, 2 × 285;570;6840;Билеты;"Текущий пакет; декабрьская продажа не подтверждена"
Такси;3 декабря;Нижний эскалатор вверх: 2 × 32;64;768;Билеты;"План по текущему тарифу; вниз сейчас без доплаты"
Такси;3 декабря;Бахилы для одного стеклянного участка: 2 × 5;10;120;Билеты;Ориентир, при закрытии не тратить
Такси;3 декабря;Обед / набор с собой;80;960;Еда;Оценка
Такси;3 декабря;Ужин;160;1920;Еда;Оценка
Такси;3 декабря;Чай / кофе;40;480;Еда;Оценка
Такси;4 декабря;Еда и вода в дорогу;40;480;Еда;Без цены поезда
Такси;1 декабря;Вокзал West → отель, машина;100;1200;Транспорт;Оценка 80–130
Такси;2 декабря;Отель → южный вход;20;240;Транспорт;Оценка 15–30
Такси;2 декабря;Южный вход → отель;20;240;Транспорт;Оценка 15–30
Такси;3 декабря;Отель → Тяньмэнь, городской нижний терминал;130;1560;Транспорт;Оценка 110–160
Такси;3 декабря;Центр → отель;130;1560;Транспорт;Оценка 100–160
Такси;4 декабря;Отель → вокзал West;100;1200;Транспорт;Оценка 80–130
Такси;;Подытог;2950;35400;;
Такси;;Резерв — не расход;350;4200;;Включает запас на аварийное такси
Такси;;Всего с резервом;3300;39600;;Варианты НЕ складывать. Отель, завтраки, межгород исключены
Общественный;1 декабря;Поздний обед;70;840;Еда;Оценка
Общественный;1 декабря;Ужин;140;1680;Еда;Оценка
Общественный;1 декабря;Вода и перекусы;60;720;Еда;Лимит покупок
Общественный;1 декабря;Дождевики / грелки;40;480;Покупки;"Лимит; не покупать повторно, если уже есть"
Общественный;2 декабря;Лесной парк + внутренние автобусы: 2 × 236;472;5664;Билеты;"Опубликованный тариф; перепроверить декабрь"
Общественный;2 декабря;Янцзяцзе: 2 человека × 2 направления × 76;304;3648;Билеты;Опубликованный тариф
Общественный;2 декабря;Обед в парке;100;1200;Еда;Оценка
Общественный;2 декабря;Ужин;140;1680;Еда;Оценка
Общественный;2 декабря;Напитки / перекус;40;480;Еда;Оценка
Общественный;2 декабря;Сувениры;120;1440;Покупки;Общий лимит на этот город
Общественный;3 декабря;Тяньмэнь: пакет C, 2 × 285;570;6840;Билеты;"Текущий пакет; декабрьская продажа не подтверждена"
Общественный;3 декабря;Нижний эскалатор вверх: 2 × 32;64;768;Билеты;"План по текущему тарифу; вниз сейчас без доплаты"
Общественный;3 декабря;Бахилы для одного стеклянного участка: 2 × 5;10;120;Билеты;Ориентир, при закрытии не тратить
Общественный;3 декабря;Обед / набор с собой;80;960;Еда;Оценка
Общественный;3 декабря;Ужин;160;1920;Еда;Оценка
Общественный;3 декабря;Чай / кофе;40;480;Еда;Оценка
Общественный;4 декабря;Еда и вода в дорогу;40;480;Еда;Без цены поезда
Общественный;1 декабря;West → южный вход: 2 × 9;18;216;Транспорт;"Ориентир 9–15/чел.; зимний рейс подтвердить"
Общественный;3 декабря;Южный вход ↔ центр: 2 × 2 × 12;48;576;Транспорт;"Ориентир 12–15/чел.; расписание подтвердить"
Общественный;4 декабря;Южный вход → West: 2 × 9;18;216;Транспорт;"Ориентир 9–15/чел.; зимний рейс подтвердить"
Общественный;;Подытог;2534;30408;;
Общественный;;Резерв — не расход;350;4200;;Включает запас на аварийное такси
Общественный;;Всего с резервом;2884;34608;;Варианты НЕ складывать. Отель, завтраки, межгород исключены
